id;summary;jhi_order;completed_at;theme_id
1;SQL Metrics Car;74903;2019-03-02T23:27:24;1
2;Bedfordshire integrate;85221;2019-03-03T03:04:28;2
3;Phased lime;61862;2019-03-03T02:41:34;3
4;De-engineered productize District;25739;2019-03-03T02:06:46;4
5;multi-tasking transitional;68955;2019-03-03T19:19:02;5
6;transmitting;9804;2019-03-03T18:19:42;6
7;Soft Bedfordshire;9549;2019-03-03T09:32:49;7
8;Toys;12223;2019-03-02T20:06:09;8
9;ivory;3556;2019-03-03T17:16:53;9
10;olive;99296;2019-03-03T17:55:10;10
