id;markdown;goal_id;created_by;last_modified_by
1;../fake-data/blob/hipster.txt;1;system;system
2;../fake-data/blob/hipster.txt;2;system;system
3;../fake-data/blob/hipster.txt;3;system;system
4;../fake-data/blob/hipster.txt;4;system;system
5;../fake-data/blob/hipster.txt;5;system;system
6;../fake-data/blob/hipster.txt;6;system;system
7;../fake-data/blob/hipster.txt;7;system;system
8;../fake-data/blob/hipster.txt;8;system;system
9;../fake-data/blob/hipster.txt;9;system;system
10;../fake-data/blob/hipster.txt;10;system;system
